Cluster,Median_Latitude,Median_Longitude,Count,Percentage
0,41.87746,12.48159,11045,0.45923055001424906
1,41.89841,12.42929,10359,0.20652037617554858
