Cluster,Median_Latitude,Median_Longitude,Count,Percentage
0,41.893263,12.49472,37955,0.45923055001424906
1,41.87156,12.46473,2368,0.20652037617554858
