Cluster,Median_Latitude,Median_Longitude,Count,Percentage
0,41.89308,12.49523,56890,0.45923055001424906
1,41.87167,12.46365,15868,0.20652037617554858
