Cluster,Median_Latitude,Median_Longitude,Count,Percentage
0,41.869373,12.465282,21625,0.45923055001424906
1,41.8932,12.49407,54231,0.20652037617554858
