Cluster,Median_Latitude,Median_Longitude,Count,Percentage
0,41.87155,12.46394,26879,0.45923055001424906
1,41.893308,12.49448,26193,0.20652037617554858
