Cluster,Median_Latitude,Median_Longitude,Count,Percentage
0,41.89828,12.49816,29620,0.45923055001424906
1,41.8714046060925,12.464336,14008,0.20652037617554858
